dataset,seed,case,accuracy,precision,recall,f1,status,authorized_roundtrip_mae
IoT Network Intrusion Dataset,42,1_cnn_bilstm_mlp_no_protection,0.997713184426642,0.9979972039396175,0.9995044442696452,0.99875025545093,evaluated,
IoT Network Intrusion Dataset,42,2_normalization_only,0.9971091199355664,0.9974485389941748,0.9993943207740108,0.9984204818709038,evaluated,
IoT Network Intrusion Dataset,42,3_normalization_plus_permutation_no_encryption,0.99702282500827,0.9974795458471396,0.9992684653504288,0.9983732042375278,evaluated,
IoT Network Intrusion Dataset,42,4_aes_gcm_only_no_permutation,0.997713184426642,0.9979972039396175,0.9995044442696452,0.99875025545093,evaluated,0.0
IoT Network Intrusion Dataset,42,5_full_normalization_permutation_aes_gcm_local_ledger,0.9971091199355664,0.9974485389941748,0.9993943207740108,0.9984204818709038,evaluated,0.0
IoT Network Intrusion Dataset,43,1_cnn_bilstm_mlp_no_protection,0.997638845366234,0.9975578426552912,0.999872840271486,0.9987139999364938,evaluated,
IoT Network Intrusion Dataset,43,2_normalization_only,0.9973619198227676,0.9972415979708308,0.9998887352375504,0.9985634122530616,evaluated,
IoT Network Intrusion Dataset,43,3_normalization_plus_permutation_no_encryption,0.9973400572798624,0.9972336496009004,0.999872840271486,0.9985515010814136,evaluated,
IoT Network Intrusion Dataset,43,4_aes_gcm_only_no_permutation,0.997638845366234,0.9975578426552912,0.999872840271486,0.9987139999364938,evaluated,0.0
IoT Network Intrusion Dataset,43,5_full_normalization_permutation_aes_gcm_local_ledger,0.9973619198227676,0.9972415979708308,0.9998887352375504,0.9985634122530616,evaluated,0.0
IoT Network Intrusion Dataset,44,1_cnn_bilstm_mlp_no_protection,0.9970880278398918,0.9972029396555776,0.9996230119772236,0.9984115093014956,evaluated,
IoT Network Intrusion Dataset,44,2_normalization_only,0.9969729869644308,0.9972727272727272,0.9994266640486944,0.9983485338825144,evaluated,
IoT Network Intrusion Dataset,44,3_normalization_plus_permutation_no_encryption,0.9969873670738636,0.9972338024637182,0.9994816414686823,0.9983564566932224,evaluated,
IoT Network Intrusion Dataset,44,4_aes_gcm_only_no_permutation,0.9970880278398918,0.9972029396555776,0.9996230119772236,0.9984115093014956,evaluated,0.0
IoT Network Intrusion Dataset,44,5_full_normalization_permutation_aes_gcm_local_ledger,0.9969729869644308,0.9972727272727272,0.9994266640486944,0.9983485338825144,evaluated,0.0
IoT Network Intrusion Dataset,45,1_cnn_bilstm_mlp_no_protection,0.9947073338102816,0.9954937413073712,0.9987401926388978,0.9971143244932156,evaluated,
IoT Network Intrusion Dataset,45,2_normalization_only,0.9952110496269584,0.9956615707338778,0.9991229189258148,0.997389241765764,evaluated,
IoT Network Intrusion Dataset,45,3_normalization_plus_permutation_no_encryption,0.9952256500854126,0.9956065084056313,0.999194680104612,0.9973973671224592,evaluated,
IoT Network Intrusion Dataset,45,4_aes_gcm_only_no_permutation,0.9947073338102816,0.9954937413073712,0.9987401926388978,0.9971143244932156,evaluated,0.0
IoT Network Intrusion Dataset,45,5_full_normalization_permutation_aes_gcm_local_ledger,0.9952110496269584,0.9956615707338778,0.9991229189258148,0.997389241765764,evaluated,0.0
IoT Network Intrusion Dataset,46,1_cnn_bilstm_mlp_no_protection,0.9976674930684936,0.9980352531716628,0.9994137770425452,0.9987240394183544,evaluated,
IoT Network Intrusion Dataset,46,2_normalization_only,0.997337421332903,0.9980824929196652,0.9990042240174742,0.998543145761678,evaluated,
IoT Network Intrusion Dataset,46,3_normalization_plus_permutation_no_encryption,0.9976014787213756,0.997915313625029,0.9994619597513772,0.9986880378743808,evaluated,
IoT Network Intrusion Dataset,46,4_aes_gcm_only_no_permutation,0.9976674930684936,0.9980352531716628,0.9994137770425452,0.9987240394183544,evaluated,0.0
IoT Network Intrusion Dataset,46,5_full_normalization_permutation_aes_gcm_local_ledger,0.997337421332903,0.9980824929196652,0.9990042240174742,0.998543145761678,evaluated,0.0
NNSL-KDD,42,1_cnn_bilstm_mlp_no_protection,0.9891600748202736,0.989475181339781,0.9877425461429248,0.9886081045875472,evaluated,
NNSL-KDD,42,2_normalization_only,0.988709350280576,0.9890474610023232,0.987221959299574,0.9881338670329932,evaluated,
NNSL-KDD,42,3_normalization_plus_permutation_no_encryption,0.9886642778266064,0.9884442339569028,0.9877425461429248,0.9880932654752042,evaluated,
NNSL-KDD,42,4_aes_gcm_only_no_permutation,0.9891600748202736,0.989475181339781,0.9877425461429248,0.9886081045875472,evaluated,0.0
NNSL-KDD,42,5_full_normalization_permutation_aes_gcm_local_ledger,0.988709350280576,0.9890474610023232,0.987221959299574,0.9881338670329932,evaluated,0.0
NNSL-KDD,43,1_cnn_bilstm_mlp_no_protection,0.9893149387975924,0.9879371610248736,0.98988100815141,0.9889081293583564,evaluated,
NNSL-KDD,43,2_normalization_only,0.9881201956673656,0.9854950795205448,0.98988100815141,0.9876831747960828,evaluated,
NNSL-KDD,43,3_normalization_plus_permutation_no_encryption,0.9883681612226956,0.9860916643330532,0.9897873137824416,0.987936032918732,evaluated,
NNSL-KDD,43,4_aes_gcm_only_no_permutation,0.9893149387975924,0.9879371610248736,0.98988100815141,0.9889081293583564,evaluated,0.0
NNSL-KDD,43,5_full_normalization_permutation_aes_gcm_local_ledger,0.9881201956673656,0.9854950795205448,0.98988100815141,0.9876831747960828,evaluated,0.0
NNSL-KDD,44,1_cnn_bilstm_mlp_no_protection,0.9897476340694006,0.9893546867640132,0.989214901332831,0.9892847891105198,evaluated,
NNSL-KDD,44,2_normalization_only,0.9890716538981524,0.9880963583325492,0.989073611830641,0.988584743568621,evaluated,
NNSL-KDD,44,3_normalization_plus_permutation_no_encryption,0.9890716538981524,0.987225248919782,0.9899684453445108,0.9885949441504998,evaluated,
NNSL-KDD,44,4_aes_gcm_only_no_permutation,0.9897476340694006,0.9893546867640132,0.989214901332831,0.9892847891105198,evaluated,0.0
NNSL-KDD,44,5_full_normalization_permutation_aes_gcm_local_ledger,0.9890716538981524,0.9880963583325492,0.989073611830641,0.988584743568621,evaluated,0.0
NNSL-KDD,45,1_cnn_bilstm_mlp_no_protection,0.9882567732047064,0.9876781263227202,0.9878174976481656,0.9877478070691156,evaluated,
NNSL-KDD,45,2_normalization_only,0.987963756029392,0.9870288560954976,0.9878645343367828,0.9874465184070712,evaluated,
NNSL-KDD,45,3_normalization_plus_permutation_no_encryption,0.987828517333093,0.9870251974426476,0.98758231420508,0.9873036772312612,evaluated,
NNSL-KDD,45,4_aes_gcm_only_no_permutation,0.9882567732047064,0.9876781263227202,0.9878174976481656,0.9877478070691156,evaluated,0.0
NNSL-KDD,45,5_full_normalization_permutation_aes_gcm_local_ledger,0.987963756029392,0.9870288560954976,0.9878645343367828,0.9874465184070712,evaluated,0.0
NNSL-KDD,46,1_cnn_bilstm_mlp_no_protection,0.988168480832939,0.9863219036912124,0.9890553807130444,0.9876867509440158,evaluated,
NNSL-KDD,46,2_normalization_only,0.9874473215694228,0.9864382918817456,0.9874113391892526,0.9869245756942652,evaluated,
NNSL-KDD,46,3_normalization_plus_permutation_no_encryption,0.9875149302503776,0.9867599417813044,0.9872234487293908,0.9869916408377948,evaluated,
NNSL-KDD,46,4_aes_gcm_only_no_permutation,0.988168480832939,0.9863219036912124,0.9890553807130444,0.9876867509440158,evaluated,0.0
NNSL-KDD,46,5_full_normalization_permutation_aes_gcm_local_ledger,0.9874473215694228,0.9864382918817456,0.9874113391892526,0.9869245756942652,evaluated,0.0
cicids2017_binary_balanced,42,1_cnn_bilstm_mlp_no_protection,0.9823059092546476,0.9799252452888958,0.9848101860184844,0.982361642915969,evaluated,
cicids2017_binary_balanced,42,2_normalization_only,0.9793066453664112,0.97790296655795,0.9808033932526236,0.9793510324483776,evaluated,
cicids2017_binary_balanced,42,3_normalization_plus_permutation_no_encryption,0.9796159689266865,0.9780209495137,0.981312068115477,0.9796637447460116,evaluated,
cicids2017_binary_balanced,42,4_aes_gcm_only_no_permutation,0.9823059092546476,0.9799252452888958,0.9848101860184844,0.982361642915969,evaluated,0.0
cicids2017_binary_balanced,42,5_full_normalization_permutation_aes_gcm_local_ledger,0.9793066453664112,0.97790296655795,0.9808033932526236,0.9793510324483776,evaluated,0.0
cicids2017_binary_balanced,43,1_cnn_bilstm_mlp_no_protection,0.9800778405130895,0.9805524239007892,0.9796320630749016,0.980092027420415,evaluated,
cicids2017_binary_balanced,43,2_normalization_only,0.981734104951565,0.9794194798826196,0.9841921656967648,0.9818000226280532,evaluated,
cicids2017_binary_balanced,43,3_normalization_plus_permutation_no_encryption,0.9822979396540248,0.9808782587673808,0.9838167198548275,0.9823452918825832,evaluated,
cicids2017_binary_balanced,43,4_aes_gcm_only_no_permutation,0.9800778405130895,0.9805524239007892,0.9796320630749016,0.980092027420415,evaluated,0.0
cicids2017_binary_balanced,43,5_full_normalization_permutation_aes_gcm_local_ledger,0.981734104951565,0.9794194798826196,0.9841921656967648,0.9818000226280532,evaluated,0.0
cicids2017_binary_balanced,44,1_cnn_bilstm_mlp_no_protection,0.9822367519527044,0.9814381885423428,0.9830600065786382,0.9822484281035906,evaluated,
cicids2017_binary_balanced,44,2_normalization_only,0.9807411467611534,0.9782844141778544,0.9833027896558746,0.980787182601835,evaluated,
cicids2017_binary_balanced,44,3_normalization_plus_permutation_no_encryption,0.9805767084940196,0.9784637696980092,0.9827780649405572,0.9806161720749408,evaluated,
cicids2017_binary_balanced,44,4_aes_gcm_only_no_permutation,0.9822367519527044,0.9814381885423428,0.9830600065786382,0.9822484281035906,evaluated,0.0
cicids2017_binary_balanced,44,5_full_normalization_permutation_aes_gcm_local_ledger,0.9807411467611534,0.9782844141778544,0.9833027896558746,0.980787182601835,evaluated,0.0
cicids2017_binary_balanced,45,1_cnn_bilstm_mlp_no_protection,0.9711905153444372,0.9794404881390496,0.9626019697183208,0.97094822957137,evaluated,
cicids2017_binary_balanced,45,2_normalization_only,0.9761317452486667,0.9791840658041948,0.9729594313182082,0.97606182457904,evaluated,
cicids2017_binary_balanced,45,3_normalization_plus_permutation_no_encryption,0.9704270131009154,0.9790416058801488,0.9614511406516668,0.9701666449423912,evaluated,
cicids2017_binary_balanced,45,4_aes_gcm_only_no_permutation,0.9711905153444372,0.9794404881390496,0.9626019697183208,0.97094822957137,evaluated,0.0
cicids2017_binary_balanced,45,5_full_normalization_permutation_aes_gcm_local_ledger,0.9761317452486667,0.9791840658041948,0.9729594313182082,0.97606182457904,evaluated,0.0
cicids2017_binary_balanced,46,1_cnn_bilstm_mlp_no_protection,0.9788331826171378,0.9807084819814864,0.9768932722789716,0.9787971593605032,evaluated,
cicids2017_binary_balanced,46,2_normalization_only,0.9746013850231164,0.9829622844398422,0.9659582795193926,0.9743861034346624,evaluated,
cicids2017_binary_balanced,46,3_normalization_plus_permutation_no_encryption,0.9793381797398286,0.9784220435777844,0.9803060545575516,0.9793631429956676,evaluated,
cicids2017_binary_balanced,46,4_aes_gcm_only_no_permutation,0.9788331826171378,0.9807084819814864,0.9768932722789716,0.9787971593605032,evaluated,0.0
cicids2017_binary_balanced,46,5_full_normalization_permutation_aes_gcm_local_ledger,0.9746013850231164,0.9829622844398422,0.9659582795193926,0.9743861034346624,evaluated,0.0
train_test_network,42,1_cnn_bilstm_mlp_no_protection,0.9939013704391714,0.9955842467442224,0.9966118428433596,0.9960977797712492,evaluated,
train_test_network,42,2_normalization_only,0.9939013704391714,0.9959399744285682,0.9962528328135168,0.9960963790550544,evaluated,
train_test_network,42,3_normalization_plus_permutation_no_encryption,0.9939013704391714,0.9959177264876746,0.996275270940382,0.9960964666292764,evaluated,
train_test_network,42,4_aes_gcm_only_no_permutation,0.9939013704391714,0.9955842467442224,0.9966118428433596,0.9960977797712492,evaluated,0.0
train_test_network,42,5_full_normalization_permutation_aes_gcm_local_ledger,0.9939013704391714,0.9959399744285682,0.9962528328135168,0.9960963790550544,evaluated,0.0
train_test_network,43,1_cnn_bilstm_mlp_no_protection,0.9909273664889432,0.9932884404572808,0.995091667040208,0.9941892360916734,evaluated,
train_test_network,43,2_normalization_only,0.9911021763831832,0.9932678759142044,0.995338204312161,0.9943019624086245,evaluated,
train_test_network,43,3_normalization_plus_permutation_no_encryption,0.9916440870553274,0.9940676068950078,0.9952261419158188,0.9946465370486516,evaluated,
train_test_network,43,4_aes_gcm_only_no_permutation,0.9909273664889432,0.9932884404572808,0.995091667040208,0.9941892360916734,evaluated,0.0
train_test_network,43,5_full_normalization_permutation_aes_gcm_local_ledger,0.9911021763831832,0.9932678759142044,0.995338204312161,0.9943019624086245,evaluated,0.0
train_test_network,44,1_cnn_bilstm_mlp_no_protection,0.993003445802942,0.9950659370234144,0.9959594145640658,0.9955124753186142,evaluated,
train_test_network,44,2_normalization_only,0.9933707648982876,0.9950016810489746,0.996498159288857,0.9957493579175218,evaluated,
train_test_network,44,3_normalization_plus_permutation_no_encryption,0.993003445802942,0.9949105421281556,0.9961165484421298,0.9955131800336512,evaluated,
train_test_network,44,4_aes_gcm_only_no_permutation,0.993003445802942,0.9950659370234144,0.9959594145640658,0.9955124753186142,evaluated,0.0
train_test_network,44,5_full_normalization_permutation_aes_gcm_local_ledger,0.9933707648982876,0.9950016810489746,0.996498159288857,0.9957493579175218,evaluated,0.0
train_test_network,45,1_cnn_bilstm_mlp_no_protection,0.9937764413831685,0.9956056767482008,0.9964098997015728,0.9960076258831444,evaluated,
train_test_network,45,2_normalization_only,0.9934268032586272,0.995470344208992,0.9960957659254606,0.9957829568650322,evaluated,
train_test_network,45,3_normalization_plus_permutation_no_encryption,0.9933743575399462,0.9954700394689632,0.9960284515448652,0.995749167218116,evaluated,
train_test_network,45,4_aes_gcm_only_no_permutation,0.9937764413831685,0.9956056767482008,0.9964098997015728,0.9960076258831444,evaluated,0.0
train_test_network,45,5_full_normalization_permutation_aes_gcm_local_ledger,0.9934268032586272,0.995470344208992,0.9960957659254606,0.9957829568650322,evaluated,0.0
train_test_network,46,1_cnn_bilstm_mlp_no_protection,0.9937816391949412,0.995778885446136,0.9962486241211224,0.9960136993992476,evaluated,
train_test_network,46,2_normalization_only,0.993606474101841,0.9955998563218392,0.99620369746389,0.9959016853617184,evaluated,
train_test_network,46,3_normalization_plus_permutation_no_encryption,0.9935188915552908,0.9954658705752956,0.9962261607925064,0.9958458705708,evaluated,
train_test_network,46,4_aes_gcm_only_no_permutation,0.9937816391949412,0.995778885446136,0.9962486241211224,0.9960136993992476,evaluated,0.0
train_test_network,46,5_full_normalization_permutation_aes_gcm_local_ledger,0.993606474101841,0.9955998563218392,0.99620369746389,0.9959016853617184,evaluated,0.0
